"0","names(new.dat)
"
"1","  [1]"
"1"," ""60ml""                    "
"1"," ""abis""                    "
"1"," ""abu""                     "
"1","
"
"1","  [4]"
"1"," ""abuabu""                  "
"1"," ""acara""                   "
"1"," ""acne""                    "
"1","
"
"1","  [7]"
"1"," ""adek""                    "
"1"," ""adem""                    "
"1"," ""affordable""              "
"1","
"
"1"," [10]"
"1"," ""aga""                     "
"1"," ""air""                     "
"1"," ""aja""                     "
"1","
"
"1"," [13]"
"1"," ""aktivitas""               "
"1"," ""aku""                     "
"1"," ""alcohol""                 "
"1","
"
"1"," [16]"
"1"," ""alhamdulillah""           "
"1"," ""alhasil""                 "
"1"," ""alkohol""                 "
"1","
"
"1"," [19]"
"1"," ""aloe""                    "
"1"," ""ama""                     "
"1"," ""aman""                    "
"1","
"
"1"," [22]"
"1"," ""ampuh""                   "
"1"," ""anak""                    "
"1"," ""andalan""                 "
"1","
"
"1"," [25]"
"1"," ""aneh""                    "
"1"," ""apa2""                    "
"1"," ""apaapa""                  "
"1","
"
"1"," [28]"
"1"," ""apapun""                  "
"1"," ""aplikasiin""              "
"1"," ""aplikasikan""             "
"1","
"
"1"," [31]"
"1"," ""apply""                   "
"1"," ""aqua""                    "
"1"," ""area""                    "
"1","
"
"1"," [34]"
"1"," ""aroma""                   "
"1"," ""aromanya""                "
"1"," ""ato""                     "
"1","
"
"1"," [37]"
"1"," ""awal""                    "
"1"," ""awet""                    "
"1"," ""baca""                    "
"1","
"
"1"," [40]"
"1"," ""bad""                     "
"1"," ""badan""                   "
"1"," ""bagus""                   "
"1","
"
"1"," [43]"
"1"," ""bahan""                   "
"1"," ""baik""                    "
"1"," ""banget""                  "
"1","
"
"1"," [46]"
"1"," ""bantu""                   "
"1"," ""banyak""                  "
"1"," ""bareng""                  "
"1","
"
"1"," [49]"
"1"," ""basah""                   "
"1"," ""base""                    "
"1"," ""bau""                     "
"1","
"
"1"," [52]"
"1"," ""baunya""                  "
"1"," ""bawa""                    "
"1"," ""bbrp""                    "
"1","
"
"1"," [55]"
"1"," ""beauty""                  "
"1"," ""beb""                     "
"1"," ""beda""                    "
"1","
"
"1"," [58]"
"1"," ""bedak""                   "
"1"," ""bekas""                   "
"1"," ""belang""                  "
"1","
"
"1"," [61]"
"1"," ""beli""                    "
"1"," ""belom""                   "
"1"," ""bener""                   "
"1","
"
"1"," [64]"
"1"," ""bener2""                  "
"1"," ""benerbener""              "
"1"," ""bentar""                  "
"1","
"
"1"," [67]"
"1"," ""bentuknya""               "
"1"," ""beralih""                 "
"1"," ""berani""                  "
"1","
"
"1"," [70]"
"1"," ""berasa""                  "
"1"," ""berat""                   "
"1"," ""berhenti""                "
"1","
"
"1"," [73]"
"1"," ""berminyak""               "
"1"," ""bersahabat""              "
"1"," ""bertahan""                "
"1","
"
"1"," [76]"
"1"," ""berubah""                 "
"1"," ""beruntusan""              "
"1"," ""berwarna""                "
"1","
"
"1"," [79]"
"1"," ""besoknya""                "
"1"," ""best""                    "
"1"," ""biar""                    "
"1","
"
"1"," [82]"
"1"," ""big""                     "
"1"," ""bikin""                   "
"1"," ""bilang""                  "
"1","
"
"1"," [85]"
"1"," ""bingung""                 "
"1"," ""bintang""                 "
"1"," ""biore""                   "
"1","
"
"1"," [88]"
"1"," ""bkin""                    "
"1"," ""blend""                   "
"1"," ""blm""                     "
"1","
"
"1"," [91]"
"1"," ""bnyk""                    "
"1"," ""body""                    "
"1"," ""botol""                   "
"1","
"
"1"," [94]"
"1"," ""brand""                   "
"1"," ""break""                   "
"1"," ""breakout""                "
"1","
"
"1"," [97]"
"1"," ""bruntus""                 "
"1"," ""buatku""                  "
"1"," ""budenganet""              "
"1","
"
"1","[100]"
"1"," ""bulan""                   "
"1"," ""bunga""                   "
"1"," ""buruk""                   "
"1","
"
"1","[103]"
"1"," ""butuh""                   "
"1"," ""buy""                     "
"1"," ""bye""                     "
"1","
"
"1","[106]"
"1"," ""c3a2c29dc2a4""            "
"1"," ""c3a2c29dc2a4c3afc2b8c28f"""
"1"," ""c3a2c2b2""                "
"1","
"
"1","[109]"
"1"," ""c3b0c3bfcb9cc2""          "
"1"," ""c3b0c3bfcb9cc281""        "
"1"," ""c3b0c3bfcb9cc2a2""        "
"1","
"
"1","[112]"
"1"," ""c3b0c3bfcb9cc2ad""        "
"1"," ""c3b0c3bfcb9ce2809a""      "
"1"," ""c3b0c3bfcb9ce280a6""      "
"1","
"
"1","[115]"
"1"," ""c3b0c3bfe28098c2""        "
"1"," ""c3b0c3bfe28099e280a2""    "
"1"," ""cair""                    "
"1","
"
"1","[118]"
"1"," ""care""                    "
"1"," ""cari""                    "
"1"," ""case""                    "
"1","
"
"1","[121]"
"1"," ""cast""                    "
"1"," ""castnya""                 "
"1"," ""cenderung""               "
"1","
"
"1","[124]"
"1"," ""cepat""                   "
"1"," ""cepet""                   "
"1"," ""cerah""                   "
"1","
"
"1","[127]"
"1"," ""cerahan""                 "
"1"," ""chemical""                "
"1"," ""cinta""                   "
"1","
"
"1","[130]"
"1"," ""citrus""                  "
"1"," ""cleansing""               "
"1"," ""cmn""                     "
"1","
"
"1","[133]"
"1"," ""coba""                    "
"1"," ""cocok""                   "
"1"," ""cocokan""                 "
"1","
"
"1","[136]"
"1"," ""cocoknya""                "
"1"," ""combi""                   "
"1"," ""combination""             "
"1","
"
"1","[139]"
"1"," ""cooling""                 "
"1"," ""course""                  "
"1"," ""cream""                   "
"1","
"
"1","[142]"
"1"," ""creamy""                  "
"1"," ""crying""                  "
"1"," ""cuci""                    "
"1","
"
"1","[145]"
"1"," ""cucok""                   "
"1"," ""cuman""                   "
"1"," ""cute""                    "
"1","
"
"1","[148]"
"1"," ""daerah""                  "
"1"," ""dagu""                    "
"1"," ""dah""                     "
"1","
"
"1","[151]"
"1"," ""dahi""                    "
"1"," ""daily""                   "
"1"," ""daki""                    "
"1","
"
"1","[154]"
"1"," ""dann""                    "
"1"," ""dapet""                   "
"1"," ""dari""                    "
"1","
"
"1","[157]"
"1"," ""darii""                   "
"1"," ""daripd""                  "
"1"," ""dariugstore""             "
"1","
"
"1","[160]"
"1"," ""dariy""                   "
"1"," ""day""                     "
"1"," ""deh""                     "
"1","
"
"1","[163]"
"1"," ""deket""                   "
"1"," ""dekil""                   "
"1"," ""dengan""                  "
"1","
"
"1","[166]"
"1"," ""dewy""                    "
"1"," ""diaku""                   "
"1"," ""diaplikasiin""            "
"1","
"
"1","[169]"
"1"," ""diaplikasikan""           "
"1"," ""diapply""                 "
"1"," ""dibagian""                "
"1","
"
"1","[172]"
"1"," ""dibanding""               "
"1"," ""dibandingkan""            "
"1"," ""dibawa""                  "
"1","
"
"1","[175]"
"1"," ""dibawah""                 "
"1"," ""dibeli""                  "
"1"," ""dibilang""                "
"1","
"
"1","[178]"
"1"," ""diblend""                 "
"1"," ""dicari""                  "
"1"," ""dicoba""                  "
"1","
"
"1","[181]"
"1"," ""dikantong""               "
"1"," ""dikasih""                 "
"1"," ""dikit""                   "
"1","
"
"1","[184]"
"1"," ""dikulit""                 "
"1"," ""diluar""                  "
"1"," ""dimana""                  "
"1","
"
"1","[187]"
"1"," ""dimuka""                  "
"1"," ""dimukaku""                "
"1"," ""dingin""                  "
"1","
"
"1","[190]"
"1"," ""dinginnya""               "
"1"," ""dipakai""                 "
"1"," ""dipake""                  "
"1","
"
"1","[193]"
"1"," ""diratain""                "
"1"," ""dirumah""                 "
"1"," ""diset""                   "
"1","
"
"1","[196]"
"1"," ""diskon""                  "
"1"," ""ditangan""                "
"1"," ""ditemuin""                "
"1","
"
"1","[199]"
"1"," ""ditemukan""               "
"1"," ""ditimpa""                 "
"1"," ""ditumpuk""                "
"1","
"
"1","[202]"
"1"," ""diwajah""                 "
"1"," ""diwajahku""               "
"1"," ""dll""                     "
"1","
"
"1","[205]"
"1"," ""dlu""                     "
"1"," ""doang""                   "
"1"," ""doi""                     "
"1","
"
"1","[208]"
"1"," ""dokter""                  "
"1"," ""dompet""                  "
"1"," ""dont""                    "
"1","
"
"1","[211]"
"1"," ""double""                  "
"1"," ""duh""                     "
"1"," ""duper""                   "
"1","
"
"1","[214]"
"1"," ""efek""                    "
"1"," ""efeknya""                 "
"1"," ""effect""                  "
"1","
"
"1","[217]"
"1"," ""emang""                   "
"1"," ""emina""                   "
"1"," ""enak""                    "
"1","
"
"1","[220]"
"1"," ""encer""                   "
"1"," ""enek""                    "
"1"," ""engga""                   "
"1","
"
"1","[223]"
"1"," ""enteng""                  "
"1"," ""ethanol""                 "
"1"," ""even""                    "
"1","
"
"1","[226]"
"1"," ""face""                    "
"1"," ""far""                     "
"1"," ""fav""                     "
"1","
"
"1","[229]"
"1"," ""favorit""                 "
"1"," ""favorite""                "
"1"," ""fine""                    "
"1","
"
"1","[232]"
"1"," ""fine2""                   "
"1"," ""finish""                  "
"1"," ""first""                   "
"1","
"
"1","[235]"
"1"," ""flek""                    "
"1"," ""formula""                 "
"1"," ""formulanya""              "
"1","
"
"1","[238]"
"1"," ""foundie""                 "
"1"," ""fragrance""               "
"1"," ""fresh""                   "
"1","
"
"1","[241]"
"1"," ""friendly""                "
"1"," ""frown""                   "
"1"," ""full""                    "
"1","
"
"1","[244]"
"1"," ""gaada""                   "
"1"," ""gabikin""                 "
"1"," ""gabisa""                  "
"1","
"
"1","[247]"
"1"," ""gacocok""                 "
"1"," ""gaenak""                  "
"1"," ""gamau""                   "
"1","
"
"1","[250]"
"1"," ""gampang""                 "
"1"," ""ganggu""                  "
"1"," ""ganti""                   "
"1","
"
"1","[253]"
"1"," ""gapake""                  "
"1"," ""gapapa""                  "
"1"," ""gapernah""                "
"1","
"
"1","[256]"
"1"," ""gara""                    "
"1"," ""gasuka""                  "
"1"," ""gatal""                   "
"1","
"
"1","[259]"
"1"," ""gatau""                   "
"1"," ""gatel""                   "
"1"," ""gaterlalu""               "
"1","
"
"1","[262]"
"1"," ""gede""                    "
"1"," ""gegara""                  "
"1"," ""gel""                     "
"1","
"
"1","[265]"
"1"," ""gelap""                   "
"1"," ""gemes""                   "
"1"," ""gerah""                   "
"1","
"
"1","[268]"
"1"," ""geser""                   "
"1"," ""gila""                    "
"1"," ""gimana""                  "
"1","
"
"1","[271]"
"1"," ""gini""                    "
"1"," ""gitu""                    "
"1"," ""glowing""                 "
"1","
"
"1","[274]"
"1"," ""gmn""                     "
"1"," ""good""                    "
"1"," ""gosong""                  "
"1","
"
"1","[277]"
"1"," ""gpp""                     "
"1"," ""greasy""                  "
"1"," ""gua""                     "
"1","
"
"1","[280]"
"1"," ""guardian""                "
"1"," ""gue""                     "
"1"," ""guys""                    "
"1","
"
"1","[283]"
"1"," ""habis""                   "
"1"," ""hahaha""                  "
"1"," ""hahahaha""                "
"1","
"
"1","[286]"
"1"," ""halus""                   "
"1"," ""happiness""               "
"1"," ""harap""                   "
"1","
"
"1","[289]"
"1"," ""harga""                   "
"1"," ""harus""                   "
"1"," ""hasil""                   "
"1","
"
"1","[292]"
"1"," ""hate""                    "
"1"," ""hati""                    "
"1"," ""hehe""                    "
"1","
"
"1","[295]"
"1"," ""heheh""                   "
"1"," ""hehehe""                  "
"1"," ""hemat""                   "
"1","
"
"1","[298]"
"1"," ""hidung""                  "
"1"," ""hihi""                    "
"1"," ""hijab""                   "
"1","
"
"1","[301]"
"1"," ""hilang""                  "
"1"," ""hitam""                   "
"1"," ""hmm""                     "
"1","
"
"1","[304]"
"1"," ""huhu""                    "
"1"," ""huhuhu""                  "
"1"," ""idung""                   "
"1","
"
"1","[307]"
"1"," ""ilang""                   "
"1"," ""impression""              "
"1"," ""imut""                    "
"1","
"
"1","[310]"
"1"," ""indoor""                  "
"1"," ""inii""                    "
"1"," ""iritasi""                 "
"1","
"
"1","[313]"
"1"," ""iseng""                   "
"1"," ""isi""                     "
"1"," ""isinya""                  "
"1","
"
"1","[316]"
"1"," ""item""                    "
"1"," ""iya""                     "
"1"," ""jadiin""                  "
"1","
"
"1","[319]"
"1"," ""jalan""                   "
"1"," ""jam""                     "
"1"," ""jaman""                   "
"1","
"
"1","[322]"
"1"," ""jarang""                  "
"1"," ""jari""                    "
"1"," ""jatuh""                   "
"1","
"
"1","[325]"
"1"," ""jdi""                     "
"1"," ""jelek""                   "
"1"," ""jenis""                   "
"1","
"
"1","[328]"
"1"," ""jerawat""                 "
"1"," ""jerawatan""               "
"1"," ""jerawatnya""              "
"1","
"
"1","[331]"
"1"," ""jeruk""                   "
"1"," ""jidat""                   "
"1"," ""jodoh""                   "
"1","
"
"1","[334]"
"1"," ""jual""                    "
"1"," ""juga""                    "
"1"," ""jujur""                   "
"1","
"
"1","[337]"
"1"," ""just""                    "
"1"," ""kadang""                  "
"1"," ""kaget""                   "
"1","
"
"1","[340]"
"1"," ""kakak""                   "
"1"," ""kaki""                    "
"1"," ""kalangan""                "
"1","
"
"1","[343]"
"1"," ""kalau""                   "
"1"," ""kali""                    "
"1"," ""kali2""                   "
"1","
"
"1","[346]"
"1"," ""kalinya""                 "
"1"," ""kalo""                    "
"1"," ""kampus""                  "
"1","
"
"1","[349]"
"1"," ""kandungan""               "
"1"," ""kantong""                 "
"1"," ""karna""                   "
"1","
"
"1","[352]"
"1"," ""kasih""                   "
"1"," ""kaya""                    "
"1"," ""kayak""                   "
"1","
"
"1","[355]"
"1"," ""kebakar""                 "
"1"," ""kebanyakan""              "
"1"," ""keberapa""                "
"1","
"
"1","[358]"
"1"," ""kecewa""                  "
"1"," ""kecil""                   "
"1"," ""kecintaan""               "
"1","
"
"1","[361]"
"1"," ""keganggu""                "
"1"," ""kegiatan""                "
"1"," ""kek""                     "
"1","
"
"1","[364]"
"1"," ""kekuningan""              "
"1"," ""kekurangannya""           "
"1"," ""kelapa""                  "
"1","
"
"1","[367]"
"1"," ""kelas""                   "
"1"," ""keliatan""                "
"1"," ""kemana""                  "
"1","
"
"1","[370]"
"1"," ""kemana2""                 "
"1"," ""kemarin""                 "
"1"," ""kemasan""                 "
"1","
"
"1","[373]"
"1"," ""kemasannya""              "
"1"," ""kena""                    "
"1"," ""kenal""                   "
"1","
"
"1","[376]"
"1"," ""kenceng""                 "
"1"," ""kental""                  "
"1"," ""kentel""                  "
"1","
"
"1","[379]"
"1"," ""kerasa""                  "
"1"," ""kering""                  "
"1"," ""keringat""                "
"1","
"
"1","[382]"
"1"," ""keringetan""              "
"1"," ""keringnya""               "
"1"," ""kesan""                   "
"1","
"
"1","[385]"
"1"," ""kesini""                  "
"1"," ""ketemu""                  "
"1"," ""ketiga""                  "
"1","
"
"1","[388]"
"1"," ""khas""                    "
"1"," ""kilang""                  "
"1"," ""know""                    "
"1","
"
"1","[391]"
"1"," ""knp""                     "
"1"," ""kombinasi""               "
"1"," ""komedo""                  "
"1","
"
"1","[394]"
"1"," ""komedoan""                "
"1"," ""kondisi""                 "
"1"," ""krim""                    "
"1","
"
"1","[397]"
"1"," ""krn""                     "
"1"," ""krna""                    "
"1"," ""kualitas""                "
"1","
"
"1","[400]"
"1"," ""kualitasnya""             "
"1"," ""kuat""                    "
"1"," ""kucel""                   "
"1","
"
"1","[403]"
"1"," ""kucoba""                  "
"1"," ""kudu""                    "
"1"," ""kue""                     "
"1","
"
"1","[406]"
"1"," ""kuliah""                  "
"1"," ""kulit""                   "
"1"," ""kulitku""                 "
"1","
"
"1","[409]"
"1"," ""kulitnya""                "
"1"," ""kuning""                  "
"1"," ""kupake""                  "
"1","
"
"1","[412]"
"1"," ""kurang""                  "
"1"," ""kusam""                   "
"1"," ""kusem""                   "
"1","
"
"1","[415]"
"1"," ""kya""                     "
"1"," ""kyk""                     "
"1"," ""lagi""                    "
"1","
"
"1","[418]"
"1"," ""lama2""                   "
"1"," ""lamalama""                "
"1"," ""langsung""                "
"1","
"
"1","[421]"
"1"," ""lapangan""                "
"1"," ""laughing""                "
"1"," ""lbh""                     "
"1","
"
"1","[424]"
"1"," ""lebay""                   "
"1"," ""lebih""                   "
"1"," ""leher""                   "
"1","
"
"1","[427]"
"1"," ""lembab""                  "
"1"," ""lembap""                  "
"1"," ""lembut""                  "
"1","
"
"1","[430]"
"1"," ""lemon""                   "
"1"," ""lengket""                 "
"1"," ""lepas""                   "
"1","
"
"1","[433]"
"1"," ""lgsg""                    "
"1"," ""lho""                     "
"1"," ""liat""                    "
"1","
"
"1","[436]"
"1"," ""licin""                   "
"1"," ""light""                   "
"1"," ""like""                    "
"1","
"
"1","[439]"
"1"," ""loh""                     "
"1"," ""lokal""                   "
"1"," ""loose""                   "
"1","
"
"1","[442]"
"1"," ""loreal""                  "
"1"," ""lotion""                  "
"1"," ""love""                    "
"1","
"
"1","[445]"
"1"," ""lucu""                    "
"1"," ""lumayan""                 "
"1"," ""luntur""                  "
"1","
"
"1","[448]"
"1"," ""lupa""                    "
"1"," ""luv""                     "
"1"," ""maaf""                    "
"1","
"
"1","[451]"
"1"," ""macem""                   "
"1"," ""mah""                     "
"1"," ""mahal""                   "
"1","
"
"1","[454]"
"1"," ""mahasiswa""               "
"1"," ""mahasiswi""               "
"1"," ""makan""                   "
"1","
"
"1","[457]"
"1"," ""make""                    "
"1"," ""makek""                   "
"1"," ""makenya""                 "
"1","
"
"1","[460]"
"1"," ""makeup""                  "
"1"," ""males""                   "
"1"," ""mana""                    "
"1","
"
"1","[463]"
"1"," ""masalah""                 "
"1"," ""masi""                    "
"1"," ""masuk""                   "
"1","
"
"1","[466]"
"1"," ""mata""                    "
"1"," ""matahari""                "
"1"," ""mataku""                  "
"1","
"
"1","[469]"
"1"," ""matte""                   "
"1"," ""mayan""                   "
"1"," ""maybe""                   "
"1","
"
"1","[472]"
"1"," ""meleleh""                 "
"1"," ""melembabkan""             "
"1"," ""melindungi""              "
"1","
"
"1","[475]"
"1"," ""memakai""                 "
"1"," ""membantu""                "
"1"," ""memutuskan""              "
"1","
"
"1","[478]"
"1"," ""mencerahkan""             "
"1"," ""mending""                 "
"1"," ""mengandung""              "
"1","
"
"1","[481]"
"1"," ""menganggu""               "
"1"," ""mengganggu""              "
"1"," ""mengkilap""               "
"1","
"
"1","[484]"
"1"," ""menimbulkan""             "
"1"," ""meninggalkan""            "
"1"," ""menit""                   "
"1","
"
"1","[487]"
"1"," ""menuruntuku""             "
"1"," ""menyengat""               "
"1"," ""menyerap""                "
"1","
"
"1","[490]"
"1"," ""menyerapnya""             "
"1"," ""merah""                   "
"1"," ""merek""                   "
"1","
"
"1","[493]"
"1"," ""meresap""                 "
"1"," ""meresapnya""              "
"1"," ""meriah""                  "
"1","
"
"1","[496]"
"1"," ""merk""                    "
"1"," ""mesti""                   "
"1"," ""mikir""                   "
"1","
"
"1","[499]"
"1"," ""milih""                   "
"1"," ""minggu""                  "
"1"," ""minus""                   "
"1","
"
"1","[502]"
"1"," ""minusnya""                "
"1"," ""minyak""                  "
"1"," ""minyakan""                "
"1","
"
"1","[505]"
"1"," ""minyaknya""               "
"1"," ""moist""                   "
"1"," ""moisturizer""             "
"1","
"
"1","[508]"
"1"," ""motor""                   "
"1"," ""msh""                     "
"1"," ""much""                    "
"1","
"
"1","[511]"
"1"," ""mudah""                   "
"1"," ""muka""                    "
"1"," ""mukaku""                  "
"1","
"
"1","[514]"
"1"," ""mukanya""                 "
"1"," ""muncul""                  "
"1"," ""murah""                   "
"1","
"
"1","[517]"
"1"," ""murahan""                 "
"1"," ""murahh""                  "
"1"," ""murce""                   "
"1","
"
"1","[520]"
"1"," ""murmer""                  "
"1"," ""murrah""                  "
"1"," ""murrce""                  "
"1","
"
"1","[523]"
"1"," ""must""                    "
"1"," ""nahan""                   "
"1"," ""namanya""                 "
"1","
"
"1","[526]"
"1"," ""nambah""                  "
"1"," ""negatif""                 "
"1"," ""nempel""                  "
"1","
"
"1","[529]"
"1"," ""nemu""                    "
"1"," ""nemuin""                  "
"1"," ""next""                    "
"1","
"
"1","[532]"
"1"," ""ngabisin""                "
"1"," ""ngaruh""                  "
"1"," ""ngasih""                  "
"1","
"
"1","[535]"
"1"," ""nge""                     "
"1"," ""ngebantu""                "
"1"," ""ngeblend""                "
"1","
"
"1","[538]"
"1"," ""ngebuat""                 "
"1"," ""ngefek""                  "
"1"," ""ngeganggu""               "
"1","
"
"1","[541]"
"1"," ""ngelembabin""             "
"1"," ""ngelembapin""             "
"1"," ""ngeliat""                 "
"1","
"
"1","[544]"
"1"," ""ngelindungi""             "
"1"," ""ngelindungin""            "
"1"," ""ngeluarin""               "
"1","
"
"1","[547]"
"1"," ""ngerasa""                 "
"1"," ""ngeresap""                "
"1"," ""ngeresep""                "
"1","
"
"1","[550]"
"1"," ""ngerti""                  "
"1"," ""ngeset""                  "
"1"," ""ngga""                    "
"1","
"
"1","[553]"
"1"," ""nggk""                    "
"1"," ""ngilangin""               "
"1"," ""ngk""                     "
"1","
"
"1","[556]"
"1"," ""nih""                     "
"1"," ""nimbulin""                "
"1"," ""ninggalin""               "
"1","
"
"1","[559]"
"1"," ""nongol""                  "
"1"," ""normal""                  "
"1"," ""notice""                  "
"1","
"
"1","[562]"
"1"," ""ntah""                    "
"1"," ""ntidak""                  "
"1"," ""nunggu""                  "
"1","
"
"1","[565]"
"1"," ""nya""                     "
"1"," ""nyadar""                  "
"1"," ""nyaman""                  "
"1","
"
"1","[568]"
"1"," ""nyari""                   "
"1"," ""nyatu""                   "
"1"," ""nyengat""                 "
"1","
"
"1","[571]"
"1"," ""nyerap""                  "
"1"," ""nyerapnya""               "
"1"," ""nyerep""                  "
"1","
"
"1","[574]"
"1"," ""nyerepnya""               "
"1"," ""nyesel""                  "
"1"," ""nyoba""                   "
"1","
"
"1","[577]"
"1"," ""nyobain""                 "
"1"," ""ofc""                     "
"1"," ""oil""                     "
"1","
"
"1","[580]"
"1"," ""oily""                    "
"1"," ""okay""                    "
"1"," ""oke""                     "
"1","
"
"1","[583]"
"1"," ""okelah""                  "
"1"," ""online""                  "
"1"," ""orang""                   "
"1","
"
"1","[586]"
"1"," ""orang2""                  "
"1"," ""outdoor""                 "
"1"," ""overall""                 "
"1","
"
"1","[589]"
"1"," ""packaging""               "
"1"," ""packagingnya""            "
"1"," ""pagi""                    "
"1","
"
"1","[592]"
"1"," ""pakai""                   "
"1"," ""pakainya""                "
"1"," ""pake""                    "
"1","
"
"1","[595]"
"1"," ""pakein""                  "
"1"," ""pakek""                   "
"1"," ""pakenya""                 "
"1","
"
"1","[598]"
"1"," ""panas""                   "
"1"," ""panas2an""                "
"1"," ""panasan""                 "
"1","
"
"1","[601]"
"1"," ""panasnya""                "
"1"," ""panaspanasan""            "
"1"," ""pandan""                  "
"1","
"
"1","[604]"
"1"," ""pantai""                  "
"1"," ""paparan""                 "
"1"," ""parah""                   "
"1","
"
"1","[607]"
"1"," ""pas""                     "
"1"," ""pastinya""                "
"1"," ""pdhl""                    "
"1","
"
"1","[610]"
"1"," ""pedih""                   "
"1"," ""pelajar""                 "
"1"," ""pelembab""                "
"1","
"
"1","[613]"
"1"," ""pemakaian""               "
"1"," ""pemakaiannya""            "
"1"," ""pemula""                  "
"1","
"
"1","[616]"
"1"," ""penasaran""               "
"1"," ""pengen""                  "
"1"," ""penggunaan""              "
"1","
"
"1","[619]"
"1"," ""pergi""                   "
"1"," ""perih""                   "
"1"," ""pertamaku""               "
"1","
"
"1","[622]"
"1"," ""pgn""                     "
"1"," ""pikir""                   "
"1"," ""pilih""                   "
"1","
"
"1","[625]"
"1"," ""pilling""                 "
"1"," ""pindah""                  "
"1"," ""pipi""                    "
"1","
"
"1","[628]"
"1"," ""pke""                     "
"1"," ""plus""                    "
"1"," ""pokoknya""                "
"1","
"
"1","[631]"
"1"," ""pokonya""                 "
"1"," ""pori""                    "
"1"," ""powder""                  "
"1","
"
"1","[634]"
"1"," ""praktis""                 "
"1"," ""pribadi""                 "
"1"," ""price""                   "
"1","
"
"1","[637]"
"1"," ""problem""                 "
"1"," ""product""                 "
"1"," ""produk""                  "
"1","
"
"1","[640]"
"1"," ""produk2""                 "
"1"," ""produknya""               "
"1"," ""promo""                   "
"1","
"
"1","[643]"
"1"," ""prone""                   "
"1"," ""protect""                 "
"1"," ""protection""              "
"1","
"
"1","[646]"
"1"," ""proteksi""                "
"1"," ""pulang""                  "
"1"," ""purchase""                "
"1","
"
"1","[649]"
"1"," ""pusing""                  "
"1"," ""putih""                   "
"1"," ""rada""                    "
"1","
"
"1","[652]"
"1"," ""ragu""                    "
"1"," ""rajin""                   "
"1"," ""ramah""                   "
"1","
"
"1","[655]"
"1"," ""reaksi""                  "
"1"," ""really""                  "
"1"," ""reapply""                 "
"1","
"
"1","[658]"
"1"," ""recomended""              "
"1"," ""recommend""               "
"1"," ""recommended""             "
"1","
"
"1","[661]"
"1"," ""rekomen""                 "
"1"," ""rekomendasi""             "
"1"," ""rekomendasiin""           "
"1","
"
"1","[664]"
"1"," ""remaja""                  "
"1"," ""rendah""                  "
"1"," ""repurchase""              "
"1","
"
"1","[667]"
"1"," ""review""                  "
"1"," ""reviewnya""               "
"1"," ""rich""                    "
"1","
"
"1","[670]"
"1"," ""ringan""                  "
"1"," ""risih""                   "
"1"," ""ruangan""                 "
"1","
"
"1","[673]"
"1"," ""ruas""                    "
"1"," ""rumah""                   "
"1"," ""rutin""                   "
"1","
"
"1","[676]"
"1"," ""sad""                     "
"1"," ""sadar""                   "
"1"," ""saking""                  "
"1","
"
"1","[679]"
"1"," ""sakit""                   "
"1"," ""salah""                   "
"1"," ""sampai""                  "
"1","
"
"1","[682]"
"1"," ""samsek""                  "
"1"," ""sangat""                  "
"1"," ""saran""                   "
"1","
"
"1","[685]"
"1"," ""saranin""                 "
"1"," ""say""                     "
"1"," ""sayang""                  "
"1","
"
"1","[688]"
"1"," ""screen""                  "
"1"," ""sebagus""                 "
"1"," ""sebelah""                 "
"1","
"
"1","[691]"
"1"," ""sebenernya""              "
"1"," ""sebentar""                "
"1"," ""sebulan""                 "
"1","
"
"1","[694]"
"1"," ""secinta""                 "
"1"," ""sedih""                   "
"1"," ""segar""                   "
"1","
"
"1","[697]"
"1"," ""seger""                   "
"1"," ""segi""                    "
"1"," ""segini""                  "
"1","
"
"1","[700]"
"1"," ""segitu""                  "
"1"," ""sehari""                  "
"1"," ""sehari2""                 "
"1","
"
"1","[703]"
"1"," ""seharian""                "
"1"," ""seharihari""              "
"1"," ""sehat""                   "
"1","
"
"1","[706]"
"1"," ""sejuta""                  "
"1"," ""sekian""                  "
"1"," ""sekolah""                 "
"1","
"
"1","[709]"
"1"," ""sekolahan""               "
"1"," ""selesai""                 "
"1"," ""semenjak""                "
"1","
"
"1","[712]"
"1"," ""seminggu""                "
"1"," ""semoga""                  "
"1"," ""sempet""                  "
"1","
"
"1","[715]"
"1"," ""semurah""                 "
"1"," ""seneng""                  "
"1"," ""sensasi""                 "
"1","
"
"1","[718]"
"1"," ""sensitif""                "
"1"," ""sensitive""               "
"1"," ""sesuai""                  "
"1","
"
"1","[721]"
"1"," ""sesuka""                  "
"1"," ""set""                     "
"1"," ""setahun""                 "
"1","
"
"1","[724]"
"1"," ""setelahnya""              "
"1"," ""shopee""                  "
"1"," ""siang""                   "
"1","
"
"1","[727]"
"1"," ""sih""                     "
"1"," ""sihh""                    "
"1"," ""sii""                     "
"1","
"
"1","[730]"
"1"," ""simple""                  "
"1"," ""sinar""                   "
"1"," ""skin""                    "
"1","
"
"1","[733]"
"1"," ""skinaqua""                "
"1"," ""skincare""                "
"1"," ""skip""                    "
"1","
"
"1","[736]"
"1"," ""skrg""                    "
"1"," ""skrng""                   "
"1"," ""sma""                     "
"1","
"
"1","[739]"
"1"," ""smiley""                  "
"1"," ""smp""                     "
"1"," ""smpe""                    "
"1","
"
"1","[742]"
"1"," ""soft""                    "
"1"," ""sore""                    "
"1"," ""sorry""                   "
"1","
"
"1","[745]"
"1"," ""spf""                     "
"1"," ""spfnya""                  "
"1"," ""sticking""                "
"1","
"
"1","[748]"
"1"," ""sticky""                  "
"1"," ""still""                   "
"1"," ""stlh""                    "
"1","
"
"1","[751]"
"1"," ""stop""                    "
"1"," ""store""                   "
"1"," ""strong""                  "
"1","
"
"1","[754]"
"1"," ""suka""                    "
"1"," ""sukaa""                   "
"1"," ""sukak""                   "
"1","
"
"1","[757]"
"1"," ""sukanya""                 "
"1"," ""sumpah""                  "
"1"," ""sun""                     "
"1","
"
"1","[760]"
"1"," ""sunblock""                "
"1"," ""sunblok""                 "
"1"," ""suncreen""                "
"1","
"
"1","[763]"
"1"," ""sunprotection""           "
"1"," ""sunscreen""               "
"1"," ""sunscreennya""            "
"1","
"
"1","[766]"
"1"," ""sunscren""                "
"1"," ""super""                   "
"1"," ""susah""                   "
"1","
"
"1","[769]"
"1"," ""susu""                    "
"1"," ""tabur""                   "
"1"," ""tahan""                   "
"1","
"
"1","[772]"
"1"," ""takut""                   "
"1"," ""tambah""                  "
"1"," ""tangan""                  "
"1","
"
"1","[775]"
"1"," ""tapi""                    "
"1"," ""tapii""                   "
"1"," ""tau""                     "
"1","
"
"1","[778]"
"1"," ""taunya""                  "
"1"," ""tears""                   "
"1"," ""tebel""                   "
"1","
"
"1","[781]"
"1"," ""tekstur""                 "
"1"," ""teksturenya""             "
"1"," ""teksturnya""              "
"1","
"
"1","[784]"
"1"," ""teman""                   "
"1"," ""temen""                   "
"1"," ""temen2""                  "
"1","
"
"1","[787]"
"1"," ""temenku""                 "
"1"," ""tementemen""              "
"1"," ""temu""                    "
"1","
"
"1","[790]"
"1"," ""terbiasa""                "
"1"," ""terganggu""               "
"1"," ""tergantung""              "
"1","
"
"1","[793]"
"1"," ""tergiur""                 "
"1"," ""tergolong""               "
"1"," ""terik""                   "
"1","
"
"1","[796]"
"1"," ""terjangkau""              "
"1"," ""terlindungi""             "
"1"," ""termurah""                "
"1","
"
"1","[799]"
"1"," ""terpapar""                "
"1"," ""terpenting""              "
"1"," ""tertarik""                "
"1","
"
"1","[802]"
"1"," ""tetep""                   "
"1"," ""texture""                 "
"1"," ""texturenya""              "
"1","
"
"1","[805]"
"1"," ""thick""                   "
"1"," ""think""                   "
"1"," ""tiba2""                   "
"1","
"
"1","[808]"
"1"," ""tidak""                   "
"1"," ""timbul""                  "
"1"," ""time""                    "
"1","
"
"1","[811]"
"1"," ""timpa""                   "
"1"," ""tinggal""                 "
"1"," ""tingkat""                 "
"1","
"
"1","[814]"
"1"," ""tipe""                    "
"1"," ""tipis""                   "
"1"," ""tmn""                     "
"1","
"
"1","[817]"
"1"," ""toko""                    "
"1"," ""tone""                    "
"1"," ""toner""                   "
"1","
"
"1","[820]"
"1"," ""tongue""                  "
"1"," ""touch""                   "
"1"," ""travel""                  "
"1","
"
"1","[823]"
"1"," ""travelling""              "
"1"," ""trnyata""                 "
"1"," ""trs""                     "
"1","
"
"1","[826]"
"1"," ""trus""                    "
"1"," ""try""                     "
"1"," ""ttapi""                   "
"1","
"
"1","[829]"
"1"," ""tube""                    "
"1"," ""tuh""                     "
"1"," ""tumbuh""                  "
"1","
"
"1","[832]"
"1"," ""tunggu""                  "
"1"," ""type""                    "
"1"," ""tzone""                   "
"1","
"
"1","[835]"
"1"," ""uda""                     "
"1"," ""udah""                    "
"1"," ""udh""                     "
"1","
"
"1","[838]"
"1"," ""ukuran""                  "
"1"," ""umat""                    "
"1"," ""untuk""                   "
"1","
"
"1","[841]"
"1"," ""untung""                  "
"1"," ""untungnya""               "
"1"," ""use""                     "
"1","
"
"1","[844]"
"1"," ""vera""                    "
"1"," ""wajah""                   "
"1"," ""wajahku""                 "
"1","
"
"1","[847]"
"1"," ""wajahnya""                "
"1"," ""wajib""                   "
"1"," ""wangi""                   "
"1","
"
"1","[850]"
"1"," ""wanginya""                "
"1"," ""wardah""                  "
"1"," ""warna""                   "
"1","
"
"1","[853]"
"1"," ""warnanya""                "
"1"," ""watery""                  "
"1"," ""way""                     "
"1","
"
"1","[856]"
"1"," ""well""                    "
"1"," ""white""                   "
"1"," ""whitecase""               "
"1","
"
"1","[859]"
"1"," ""whitecast""               "
"1"," ""whitecastnya""            "
"1"," ""will""                    "
"1","
"
"1","[862]"
"1"," ""wkwk""                    "
"1"," ""wkwkw""                   "
"1"," ""wkwkwk""                  "
"1","
"
"1","[865]"
"1"," ""work""                    "
"1"," ""worth""                   "
"1"," ""wow""                     "
"1","
"
"1","[868]"
"1"," ""wudhu""                   "
"1"," ""yaa""                     "
"1"," ""yah""                     "
"1","
"
"1","[871]"
"1"," ""yaudah""                  "
"1"," ""yes""                     "
"1"," ""yess""                    "
"1","
"
"1","[874]"
"1"," ""zone""                    "
"1"," ""labelY""                  "
"1","
"
